brand,country_of_origin
A'Kin,Australia
Acorelle,France
Aesop,Australia
Ahava,Israel
Alchimie Forever,Switzerland
Alpha-H,Australia
Ambre Solaire,France
Ameliorate,United Kingdom
Antipodes,New Zealand
Apivita,Greece
Ark Skincare,United Kingdom
Armani,Italy
Aromatherapy Associates,United Kingdom
Aromaworks,United Kingdom
Aurelia Skincare,United Kingdom
Australian Bodycare,Australia
Avant Skincare,United Kingdom
Aveda,United States
Aveeno,United States
Avène,France
Balance Me,United Kingdom
Barber Pro,United Kingdom
Bareminerals,United States
Bbb London,United Kingdom
Beautypro,United Kingdom
Benefit,United States
Benton,South Korea
Bioderma,France
Bloom & Blossom,United Kingdom
Bobbi Brown,United States
Bondi Sands,Australia
Bubble T,United Kingdom
Bulldog,United Kingdom
Burt'S Bees,United States
By Terry,France
Caudalie,France
Cerave,United States
Chantecaille,France
Clinique,United States
Comfort Zone,Italy
Connock London,United Kingdom
Cosrx,South Korea
Cowshed,United Kingdom
Crystal Clear,United Kingdom
Darphin,France
"Dear, Klairs",South Korea
Decléor,France
Dermalogica,United States
Dhc,Japan
Dr Dennis,United States
Dr. Brandt,United States
Dr. Hauschka,Germany
Dr. Pawpaw,United Kingdom
Dr.Jart+,South Korea
Egyptian Magic,United States
Elemental Herbology,United Kingdom
Elemis,United Kingdom
Elizabeth Arden,United States
Embryolisse,France
Emma Hardie,United Kingdom
Erno Laszlo,United States
Espa,United Kingdom
Estée Lauder,United States
Eucerin,Germany
Eve Lom,United Kingdom
Fade Out,United Kingdom
Farmacy,United States
Filorga,France
First Aid Beauty,United States
Foreo,Sweden
Frank Body,Australia
Freezeframe,Australia
Gallinée,France
Garnier,France
Glamglow,United States
Goldfaden Md,United States
Green People,United Kingdom
Holika Holika,South Korea
Ila-Spa,United Kingdom
Ilapothecary,United Kingdom
Indeed Labs,Canada
Inika,Australia
Instant Effects,United Kingdom
Institut Esthederm,France
James Read,United Kingdom
Jason,United States
Jo Malone London,United Kingdom
Jurlique,Australia
Klorane,France
L'Oreal Paris,France
L'Oréal Men Expert,France
L'Oréal Paris,France
L:A Bruket,Sweden
La Roche-Posay,France
Lancer Skincare,United States
Lancôme,France
Lanolips,Australia
Laura Mercier,United States
Little Butterfly London,United Kingdom
Lixirskin,United Kingdom
Liz Earle,United Kingdom
Love Boo,United Kingdom
Lumene,Finland
Löwengrip,Sweden
L’Oréal Paris,France
Mac,United States
Magicstripes,Germany
Mama Mio,United Kingdom
Mancave,United Kingdom
Manuka Doctor,New Zealand
Mauli,United Kingdom
Mavala,Switzerland
Maybelline,United States
Medik8,United Kingdom
Menaji,United States
Molton Brown,United Kingdom
Monu,United Kingdom
Moroccanoil,Israel
Murad,United States
Mádara,Latvia
Nars,United States
Natio,Australia
Natura Bissé,Spain
Neal'S Yard Remedies,United Kingdom
Neom,United Kingdom
Neutrogena,United States
Niod,Canada
Nip+Fab,United Kingdom
Nuxe,France
Nyx,United States
Oh K!,United Kingdom
Omorovicza,Hungary
Origins,United States
Ortigia Fico,Italy
Oskia,United Kingdom
Ouai,United States
Pai ,United Kingdom
Perricone Md,United States
Pestle & Mortar,Ireland
Peter Thomas Roth,United States
Philosophy,United States
Pixi,United Kingdom
Piz Buin,Switzerland
Polaar,France
Prai,United States
Project Lip,United Kingdom
Radical Skincare,United States
Rapideye,United Kingdom
Recipe For Men,Sweden
Ren ,United Kingdom
Renu,United Kingdom
Revolution Skincare,United Kingdom
Rituals,Netherlands
Rodial,United Kingdom
Salcura,United Kingdom
Sanctuary Spa,United Kingdom
Sarah Chapman,United Kingdom
Sea Magik,United Kingdom
Shea Moisture,United States
Shiseido,Japan
Skin Doctors,United Kingdom
Skinceuticals,United States
Skinny Tan,United Kingdom
Sol De Janeiro,Brazil
Spa Magik Organiks,United Kingdom
Strivectin,United States
Sukin,Australia
Svr,France
Talika,France
Tan-Luxe,United Kingdom
Tanorganic,Ireland
The Chemistry Brand,United States
The Inkey List,United Kingdom
The Ordinary,Canada
The Organic Pharmacy,United Kingdom
The Ritual Of Namasté,Netherlands
This Works,United Kingdom
Too Faced,United States
Trilogy,New Zealand
Ultrasun,Switzerland
Uriage,France
Verso,Sweden
Vichy,France
Weleda,Switzerland
Westlab,United Kingdom
Yes To,United States
Zelens,United Kingdom